question_0,imageurl_0,question_id_0,question_1,imageurl_1,question_id_1,question_2,imageurl_2,question_id_2,question_3,imageurl_3,question_id_3,question_4,imageurl_4,question_id_4,question_5,imageurl_5,question_id_5,question_6,imageurl_6,question_id_6,question_7,imageurl_7,question_id_7
Is it a cloudy day?,http://farm9.staticflickr.com/8519/8603794339_26f017bf31_z.jpg,1761002,Is it cloudy?,http://farm3.staticflickr.com/2743/4302345286_f9abfc992d_z.jpg,133693007,Is it cloudy?,http://farm4.staticflickr.com/3833/9720297163_ac2cb9277e_z.jpg,527163002,Is it cloudy?,http://farm5.staticflickr.com/4050/4392108350_760dbf978d_z.jpg,134001000,Is this a cloudy day?,http://farm4.staticflickr.com/3641/3750546077_c0ae93c337_z.jpg,527379002,Is it cloudy?,http://farm9.staticflickr.com/8181/8028223670_b871e2a9d2_z.jpg,134255001,Is it cloudy?,http://farm3.staticflickr.com/2009/2306189268_88cc86b30f_z.jpg,265677001,Was this picture taken on a cloudy day?,http://farm6.staticflickr.com/5252/5517129014_fd79fa8aeb_z.jpg,397117001
Is it cloudy?,http://farm4.staticflickr.com/3573/3766706395_785505b585_z.jpg,398138004,Is it cloudy today?,http://farm4.staticflickr.com/3059/2665898980_d929c8ef4f_z.jpg,5513004,Is it cloudy?,http://farm9.staticflickr.com/8247/8662887887_e096d61708_z.jpg,5758004,Is it a cloudy day?,http://farm5.staticflickr.com/4025/4451444085_cfed7cc77b_z.jpg,297698000,Is the sky cloudy?,http://farm5.staticflickr.com/4027/4342194737_f5c326c9aa_z.jpg,137120005,Is the sky cloudy?,http://farm1.staticflickr.com/27/49624147_6b86f2c8db_z.jpg,530470001,Is it cloudy?,http://farm7.staticflickr.com/6212/6308694508_c208aeddde_z.jpg,268371000,Is it cloudy?,http://farm4.staticflickr.com/3094/3229051838_a69da0d7f5_z.jpg,6874001
Is it cloudy?,http://farm7.staticflickr.com/6221/6299279690_31a58babbc_z.jpg,482062009,Does it look like a cloudy day?,http://farm4.staticflickr.com/3526/3956491289_5f293fda07_z.jpg,533217003,Is it a cloudy day?,http://farm8.staticflickr.com/7449/9059685211_e0e3aca00f_z.jpg,140540005,Is it cloudy outside the window?,http://farm6.staticflickr.com/5139/5502680878_08bda57bbe_z.jpg,533805014,Is it cloudy?,http://farm1.staticflickr.com/29/40997281_e5c409f4f8_z.jpg,272153005,Is it cloudy?,http://farm6.staticflickr.com/5529/9539967442_2a2a2db9f2_z.jpg,272718000,Is it a cloudy day?,http://farm9.staticflickr.com/8436/7875637244_5dc94bafd5_z.jpg,535307001,Is it a cloudy day?,http://farm8.staticflickr.com/7195/6946116781_4017f3bae9_z.jpg,536028000
Is it cloudy?,http://farm8.staticflickr.com/7409/9193206893_fb888890fe_z.jpg,12959008,Is it cloudy?,http://farm8.staticflickr.com/7254/7808402378_9eb3f979a1_z.jpg,537668004,Is it cloudy outside?,http://farm8.staticflickr.com/7192/6970779855_dd4258ce6c_z.jpg,461017000,Is it cloudy?,http://farm7.staticflickr.com/6188/6120480517_c55a603c4a_z.jpg,144935022,Is it cloudy?,http://farm8.staticflickr.com/7055/6994550527_9c3a3fc7c5_z.jpg,538198002,Is the sky cloudy?,http://farm9.staticflickr.com/8023/7347013858_511c626229_z.jpg,276076002,Is the sky cloudy?,http://farm6.staticflickr.com/5007/5233014663_f36e205f8f_z.jpg,539226009,Is it a cloudy day?,http://farm1.staticflickr.com/160/360122962_98d7444f32_z.jpg,277089002
Is it cloudy?,http://farm4.staticflickr.com/3356/3414127711_6772851b0d_z.jpg,15660002,Is it cloudy?,http://farm3.staticflickr.com/2207/4357382158_f668046922_z.jpg,278295000,Is it a cloudy day?,http://farm4.staticflickr.com/3541/3485276207_ab688f55ba_z.jpg,541474002,Is the sky cloudy?,http://farm1.staticflickr.com/33/50021670_bfce600523_z.jpg,2923001,Is it cloudy?,http://farm6.staticflickr.com/5251/5686369023_3e083b64f2_z.jpg,542451007,Is it cloudy?,http://farm6.staticflickr.com/5181/5637106072_9cd4bcdcaf_z.jpg,18239002,Is it cloudy?,http://farm3.staticflickr.com/2331/5703893696_039d660ed6_z.jpg,151141012,Is it cloudy?,http://farm5.staticflickr.com/4004/4477605787_8129153796_z.jpg,151347006
Is it cloudy?,http://farm1.staticflickr.com/169/462891576_333ad799c8_z.jpg,283432010,Is it cloudy?,http://farm1.staticflickr.com/11/97174619_aee26efb4c_z.jpg,545581002,Is it cloudy?,http://farm3.staticflickr.com/2659/3841285079_3c40c390bc_z.jpg,545788000,Is the sky getting cloudy?,http://farm3.staticflickr.com/2497/3907859744_122c683be4_z.jpg,285250020,Is it cloudy?,http://farm3.staticflickr.com/2581/3916603215_db5cf8058b_z.jpg,547783005,Is it cloudy?,http://farm1.staticflickr.com/210/489419506_2ecb7d3928_z.jpg,416968003,Is it cloudy?,http://farm8.staticflickr.com/7104/7295842394_87b429264a_z.jpg,419074026,Is it a cloudy day?,http://farm7.staticflickr.com/6230/6397237863_fcd513b5a8_z.jpg,155488004
Is it cloudy?,http://farm3.staticflickr.com/2006/2317748981_26a54fba19_z.jpg,418512002,Is it cloudy?,http://farm3.staticflickr.com/2519/4131167338_3e084f9bf1_z.jpg,156372000,Is the sky cloudy?,http://farm6.staticflickr.com/5308/5650370325_f267e7075d_z.jpg,118690004,Is it cloudy?,http://farm4.staticflickr.com/3497/3859520659_e117d00fdc_z.jpg,549943005,Is the sky cloudy?,http://farm6.staticflickr.com/5202/5330605969_721ba3187d_z.jpg,287994000,Is the sky cloudy?,http://farm1.staticflickr.com/46/113809509_c243e72132_z.jpg,157109000,Are the skies cloudy?,http://farm3.staticflickr.com/2199/2157106492_77cb70b170_z.jpg,157112003,Is it cloudy?,http://farm3.staticflickr.com/2008/1799509927_634aa4f1f1_z.jpg,288378006
Is it a cloudy day?,http://farm5.staticflickr.com/4009/4304649788_b4a0795684_z.jpg,157321002,Is the sky cloudy?,http://farm9.staticflickr.com/8005/7674437768_cb3bb22327_z.jpg,26432001,Does it look cloudy?,http://farm7.staticflickr.com/6202/6121292805_70f021daaa_z.jpg,551650000,Is it a cloudy day?,http://farm1.staticflickr.com/29/36757089_ccb635affc_z.jpg,551669003,Is this a cloudy day?,http://farm4.staticflickr.com/3412/3426493238_c47c5b4568_z.jpg,551910014,Is it a cloudy day?,http://farm5.staticflickr.com/4101/4934595326_2f89ca38f4_z.jpg,27778001,Is it cloudy out?,http://farm9.staticflickr.com/8432/7849547914_43685325a9_z.jpg,28157006,Is the sky cloudy?,http://farm4.staticflickr.com/3179/2352612424_73070a81cf_z.jpg,75146001
Is it cloudy?,http://farm8.staticflickr.com/7196/6793794998_1c4630f499_z.jpg,290981004,Is it a cloudy day?,http://farm1.staticflickr.com/180/454966053_13e50e86d6_z.jpg,160025006,Is it cloudy?,http://farm6.staticflickr.com/5212/5452565868_2e7dfa8b74_z.jpg,572909000,Is it cloudy?,http://farm3.staticflickr.com/2801/4497928468_2d576d8b12_z.jpg,292493002,Is it a cloudy day?,http://farm8.staticflickr.com/7273/6943350070_8a02205261_z.jpg,267225019,Is it cloudy?,http://farm6.staticflickr.com/5195/5867764096_38d1cf7f31_z.jpg,292648002,Is the sky cloudy?,http://farm6.staticflickr.com/5496/9109873788_91015b8a82_z.jpg,161743005,Is it cloudy?,http://farm8.staticflickr.com/7445/8844309810_32927e5f6e_z.jpg,145061010
Is it cloudy?,http://farm2.staticflickr.com/1098/1250662377_e9927a2c9d_z.jpg,31269001,Is it cloudy?,http://farm7.staticflickr.com/6068/6106460060_932e66c6dd_z.jpg,424601007,Is it a cloudy day?,http://farm7.staticflickr.com/6068/6106460060_932e66c6dd_z.jpg,424601012,Is it cloudy today?,http://farm7.staticflickr.com/6068/6106460060_932e66c6dd_z.jpg,424601020,Is it a cloudy day?,http://farm2.staticflickr.com/1259/1046192925_5e14a6d217_z.jpg,293789012,Is it a cloudy day?,http://farm5.staticflickr.com/4112/4959043225_0fbb0045e6_z.jpg,294030002,Is it cloudy?,http://farm4.staticflickr.com/3595/3796945137_d5b46c0e3d_z.jpg,32364017,Is the sky cloudy?,http://farm9.staticflickr.com/8489/8172822517_fa8955e2c6_z.jpg,163601001
Is it cloudy?,http://farm8.staticflickr.com/7078/7180977508_53df5faa1e_z.jpg,295797000,Is it a cloudy day?,http://farm9.staticflickr.com/8349/8226415311_83ee56c699_z.jpg,249909003,Is the sky cloudy?,http://farm4.staticflickr.com/3125/2772347036_a4fdb15537_z.jpg,296317004,Is it cloudy?,http://farm4.staticflickr.com/3625/3457379682_58db8e04b6_z.jpg,296404007,Is it cloudy?,http://farm9.staticflickr.com/8361/8410647972_e204dd8b8f_z.jpg,34438004,Is it a cloudy day?,http://farm4.staticflickr.com/3158/2857511992_955421b0a0_z.jpg,558834010,Is this a cloudy day?,http://farm1.staticflickr.com/83/412027192_6351daad0f_z.jpg,427876002,Is the sky cloudy?,http://farm7.staticflickr.com/6037/6321471153_3c3c76382d_z.jpg,420852001
Is it cloudy?,http://farm5.staticflickr.com/4032/4346120601_ba7aa23254_z.jpg,296906002,Is it cloudy?,http://farm4.staticflickr.com/3767/9379148210_3d75b028bf_z.jpg,559417000,Is it cloudy?,http://farm1.staticflickr.com/57/207941010_b54e1b6623_z.jpg,166524000,Does it look cloudy in the background?,http://farm6.staticflickr.com/5519/9895411456_c7d4fec31a_z.jpg,428856003,Is it a cloudy day?,http://farm4.staticflickr.com/3261/2679320646_da19181d15_z.jpg,428885000,Is it cloudy?,http://farm8.staticflickr.com/7084/7237944298_cde9a4abaf_z.jpg,560222002,Is it cloudy out?,http://farm2.staticflickr.com/1006/5182389877_4327fdb968_z.jpg,560879002,Is the sky cloudy?,http://farm4.staticflickr.com/3740/9712779313_f69d37ecde_z.jpg,561412009
Is the sky cloudy?,http://farm3.staticflickr.com/2153/2428878904_5fc66d754b_z.jpg,561512000,Is it cloudy?,http://farm5.staticflickr.com/4004/4590617980_196fc6085f_z.jpg,38540038,Is the sky cloudy?,http://farm8.staticflickr.com/7376/9176274459_908e0b7cdb_z.jpg,170340002,Is it cloudy?,http://farm2.staticflickr.com/1405/798664800_e6e4c8a353_z.jpg,432843002,Is it cloudy outside?,http://farm8.staticflickr.com/7234/7251064846_b2eec553f9_z.jpg,301817014,Is it cloudy?,http://farm8.staticflickr.com/7432/9230955611_c90e5d6716_z.jpg,574703002,Is the sky cloudy?,http://farm9.staticflickr.com/8439/7983934560_6265a863b2_z.jpg,171500007,Is it cloudy?,http://farm8.staticflickr.com/7122/7568703510_c97dd02611_z.jpg,28675003
Is it cloudy?,http://farm1.staticflickr.com/89/232344766_98fe5416dd_z.jpg,434735019,Is it cloudy?,http://farm8.staticflickr.com/7370/10116775674_69c56149ec_z.jpg,565813002,Is it a cloudy day?,http://farm1.staticflickr.com/32/54964988_30ea3a9432_z.jpg,172993002,Is it cloudy?,http://farm3.staticflickr.com/2770/4257885274_0db4aa22ff_z.jpg,173514005,Is it a cloudy day?,http://farm7.staticflickr.com/6131/6013605653_f288ed7bf2_z.jpg,173737009,Is it a cloudy day?,http://farm7.staticflickr.com/6186/6160889505_e0564c36a4_z.jpg,567011009,Is it cloudy?,http://farm5.staticflickr.com/4129/4971275033_f54144d5f0_z.jpg,304929002,Is the sky cloudy?,http://farm1.staticflickr.com/199/550952789_8bb9a51f6b_z.jpg,42968022
Is it cloudy outside?,http://farm8.staticflickr.com/7034/6577341793_8fccd2959e_z.jpg,175642012,Is the weather cloudy in this picture?,http://farm9.staticflickr.com/8479/8162910425_8b3dd0786f_z.jpg,307547001,Is it a cloudy day?,http://farm3.staticflickr.com/2093/2033601407_432b6df68d_z.jpg,58253002,Is it cloudy?,http://farm7.staticflickr.com/6084/6135958721_5fa2d469b7_z.jpg,176744000,Is it cloudy?,http://farm4.staticflickr.com/3606/3424164985_4fa000ce2b_z.jpg,308026007,Is the sky cloudy?,http://farm9.staticflickr.com/8289/7712275666_373e5c194e_z.jpg,570386002,Is it a cloudy day?,http://farm8.staticflickr.com/7138/7519439720_c99eed2bea_z.jpg,46155001,Is it cloudy?,http://farm4.staticflickr.com/3686/9404551615_6af13a75ee_z.jpg,451090002
Is this a cloudy day?,http://farm4.staticflickr.com/3250/2742066276_abce811a04_z.jpg,571504002,Is it cloudy?,http://farm1.staticflickr.com/12/15736451_83f3ad997b_z.jpg,440840011,Is it cloudy?,http://farm9.staticflickr.com/8374/8480347780_447024d0e6_z.jpg,441695000,Is this a cloudy day?,http://farm8.staticflickr.com/7236/7267974418_312ba15fec_z.jpg,576354003,Is the sky cloudy?,http://farm1.staticflickr.com/193/503756035_1ee638dfba_z.jpg,181462000,Does the sky look cloudy?,http://farm9.staticflickr.com/8371/8475027324_4a0637ae5d_z.jpg,574785001,Is the sky cloudy?,http://farm6.staticflickr.com/5014/5480241977_db50dee960_z.jpg,312772003,Is it cloudy?,http://farm3.staticflickr.com/2558/3737282550_bd25c73d37_z.jpg,248771002
Is it cloudy?,http://farm9.staticflickr.com/8535/8696894358_faa500bf9c_z.jpg,50965000,Is it cloudy?,http://farm3.staticflickr.com/2167/2484847830_d757faee4a_z.jpg,182820014,Is it cloudy?,http://farm5.staticflickr.com/4074/4917109116_5c26c095c3_z.jpg,445372001,Is it cloudy?,http://farm7.staticflickr.com/6017/6004445922_797e377a95_z.jpg,314313003,Is it cloudy?,http://farm6.staticflickr.com/5267/5663678291_d2b6f74296_z.jpg,52761004,Is it a cloudy day?,http://farm9.staticflickr.com/8233/8463373424_8ae84a02cb_z.jpg,577355002,Are the skies cloudy?,http://farm8.staticflickr.com/7415/9439527323_efcf837a5d_z.jpg,577976000,Is the sky cloudy?,http://farm9.staticflickr.com/8118/8702784912_b9888666e7_z.jpg,447152001
Is the sky cloudy?,http://farm7.staticflickr.com/6168/6169682649_fe898f59b2_z.jpg,53956012,Is it cloudy?,http://farm5.staticflickr.com/4039/4674603670_a5139bc60f_z.jpg,293153000,Is the sky cloudy?,http://farm4.staticflickr.com/3727/9288887696_72f9708fdb_z.jpg,55545001,Is it cloudy?,http://farm3.staticflickr.com/2469/3566977264_f3d5be9686_z.jpg,187285003,Is it cloudy?,http://farm3.staticflickr.com/2846/9521756685_3ca1eaa84c_z.jpg,56302003,Is the sky cloudy?,http://farm8.staticflickr.com/7239/7044105665_435f6c02b3_z.jpg,318471005,Is this a cloudy day?,http://farm4.staticflickr.com/3827/9423655458_e4d57571d9_z.jpg,580931003,Is it cloudy?,http://farm3.staticflickr.com/2338/2121474444_4345f35f5a_z.jpg,581887003
Is it cloudy?,http://farm4.staticflickr.com/3010/2749181045_ed450e5d36_z.jpg,57760001,Is this a cloudy day?,http://farm1.staticflickr.com/167/395636655_fd6e5ad302_z.jpg,189193003,Is this a cloudy day?,http://farm1.staticflickr.com/76/189768893_0b134ef8ed_z.jpg,206391006,Is it cloudy?,http://farm4.staticflickr.com/3747/9701521482_5039df2e33_z.jpg,190546003,Is the sky cloudy?,http://farm8.staticflickr.com/7110/7126269053_ba228a76c3_z.jpg,577949009,Is it a cloudy day?,http://farm3.staticflickr.com/2853/9686619664_a0b8267a80_z.jpg,191138021,Is it cloudy?,http://farm4.staticflickr.com/3012/2788219388_a84a4cd96c_z.jpg,323000003,Is the sky cloudy?,http://farm8.staticflickr.com/7279/7056003099_2652720fb3_z.jpg,359677004
Is it cloudy outside?,http://farm9.staticflickr.com/8199/8161876342_3f38c8a5d5_z.jpg,61207002,Is the sky cloudy?,http://farm9.staticflickr.com/8178/8031517692_0088ed4595_z.jpg,192714009,Is it a cloudy day?,http://farm9.staticflickr.com/8211/8441054650_b73a098ab7_z.jpg,192730009,Is it cloudy?,http://farm8.staticflickr.com/7364/9286140471_bf622418d5_z.jpg,455040001,Is the sky cloudy?,http://farm9.staticflickr.com/8472/8105005783_c3ffddde97_z.jpg,447449001,Is it cloudy?,http://farm8.staticflickr.com/7199/6867493226_7ed3764c20_z.jpg,194331003,Is it cloudy?,http://farm4.staticflickr.com/3646/3502463768_7fb28a4418_z.jpg,65208000,Is it cloudy?,http://farm2.staticflickr.com/1006/558049940_13ffe5782b_z.jpg,458467008
Is it cloudy?,http://farm5.staticflickr.com/4041/4525509517_54b246ab87_z.jpg,491481016,Is it cloudy?,http://farm5.staticflickr.com/4133/5072239959_39d366b6bb_z.jpg,196484001,Is it cloudy?,http://farm2.staticflickr.com/1323/4597894677_0aa1bd6b43_z.jpg,196681005,Is the day cloudy?,http://farm2.staticflickr.com/1406/536074086_cde15f2a5c_z.jpg,54679001,Is the sky cloudy?,http://farm6.staticflickr.com/5108/5742220760_2d5b5f256c_z.jpg,535322005,Is it cloudy?,http://farm1.staticflickr.com/12/70123859_0a342bec53_z.jpg,360611001,Is it cloudy?,http://farm4.staticflickr.com/3564/3518730959_3cdbbff0a9_z.jpg,67412000,Is it a cloudy day?,http://farm8.staticflickr.com/7341/9420428165_2cd516f928_z.jpg,67608005
Is it cloudy?,http://farm1.staticflickr.com/220/478531279_6848cf1387_z.jpg,461311004,Is it cloudy?,http://farm1.staticflickr.com/96/212501301_0c33cafcde_z.jpg,199849001,Is the sky cloudy?,http://farm5.staticflickr.com/4043/4466348868_cd5cdae1f8_z.jpg,70125001,Is this a cloudy day?,http://farm2.staticflickr.com/1169/541175475_cf575c83ba_z.jpg,332318001,Is it a cloudy day?,http://farm1.staticflickr.com/56/156111943_f36e0ca0ac_z.jpg,463522001,Is it a cloudy day?,http://farm2.staticflickr.com/1241/566399584_8297f33c08_z.jpg,201993003,Is the day cloudy?,http://farm1.staticflickr.com/41/94650694_7a3bfc0f78_z.jpg,447553001,Does the sky look cloudy?,http://farm5.staticflickr.com/4147/5083833196_c0a2d9a896_z.jpg,202573002
Is it a cloudy day?,http://farm5.staticflickr.com/4042/4451470470_f963df1480_z.jpg,203631000,Is it a cloudy day?,http://farm9.staticflickr.com/8549/8787262868_af184b1e39_z.jpg,203667003,Is it cloudy?,http://farm2.staticflickr.com/1290/1154968979_7f02ba6278_z.jpg,466958000,Is it cloudy?,http://farm4.staticflickr.com/3500/3924861933_a9b1aa2215_z.jpg,205232001,Is it a cloudy day?,http://farm8.staticflickr.com/7405/9305068094_d3f87239e7_z.jpg,336309009,Is it a cloudy day?,http://farm7.staticflickr.com/6209/6114405621_3ce4e9126e_z.jpg,74646008,Is the sky cloudy?,http://farm7.staticflickr.com/6209/6114405621_3ce4e9126e_z.jpg,74646028,Is the sky cloudy?,http://farm3.staticflickr.com/2346/2073636430_1aa5c972cd_z.jpg,206417000
Is it cloudy?,http://farm4.staticflickr.com/3687/9474006280_e853c48fc0_z.jpg,75560012,Is it a cloudy day?,http://farm1.staticflickr.com/200/477064974_086edc4741_z.jpg,470370003,Is the sky cloudy?,http://farm1.staticflickr.com/48/130889820_b2decb54d1_z.jpg,470801000,Is the sky cloudy?,http://farm1.staticflickr.com/23/25050798_0459d6de8f_z.jpg,209733004,Is it a cloudy day?,http://farm8.staticflickr.com/7242/7157814431_0afe2211fc_z.jpg,472960001,Is it cloudy?,http://farm4.staticflickr.com/3807/9817151296_f830096115_z.jpg,79837020,Is it cloudy?,http://farm1.staticflickr.com/164/438354918_53511df738_z.jpg,342394001,Is the sky cloudy?,http://farm3.staticflickr.com/2761/4417033978_17e480e845_z.jpg,80614006
Is it a cloudy day?,http://farm7.staticflickr.com/6184/6119664609_cdb276c4af_z.jpg,474215000,Is it cloudy?,http://farm7.staticflickr.com/6184/6119664609_cdb276c4af_z.jpg,474215001,Is it cloudy?,http://farm6.staticflickr.com/5327/8939692929_e57b075cdd_z.jpg,81264001,Is it cloudy outside?,http://farm4.staticflickr.com/3756/9541696741_ab49047233_z.jpg,212403007,Is it a cloudy day?,http://farm7.staticflickr.com/6196/6094653766_358b6466db_z.jpg,474862011,Is it a cloudy day?,http://farm9.staticflickr.com/8472/8102563974_1f16d1d83f_z.jpg,212801001,Is the sky cloudy?,http://farm6.staticflickr.com/5005/5241049143_ebe22d2f2c_z.jpg,344171004,Is it a cloudy day?,http://farm9.staticflickr.com/8113/8712051202_4bdd4e2abd_z.jpg,344229004
Is it cloudy?,http://farm4.staticflickr.com/3801/9293023342_2d38c1d3f6_z.jpg,475389001,Is it cloudy?,http://farm6.staticflickr.com/5502/9494034751_952dd15031_z.jpg,83915000,Is it cloudy?,http://farm4.staticflickr.com/3110/2768938263_8df823f16e_z.jpg,84474005,Is it a cloudy day?,http://farm4.staticflickr.com/3110/2768938263_8df823f16e_z.jpg,84474007,Is the sky getting cloudy?,http://farm2.staticflickr.com/1259/569042008_413ee88047_z.jpg,494759016,Is it cloudy?,http://farm5.staticflickr.com/4120/4903501988_fc5152e1c7_z.jpg,478736013,Is the sky cloudy?,http://farm8.staticflickr.com/7252/8155029484_63f5677d2a_z.jpg,347818003,Is the sky cloudy?,http://farm4.staticflickr.com/3126/2575534269_c048ec04b3_z.jpg,217156000
Is it a cloudy day?,http://farm5.staticflickr.com/4038/4389331486_b9d892af41_z.jpg,349575002,Is the sky cloudy?,http://farm4.staticflickr.com/3654/3370384907_19733efc29_z.jpg,349616002,Is it a very cloudy day?,http://farm4.staticflickr.com/3654/3370384907_19733efc29_z.jpg,349616012,Is it cloudy?,http://farm5.staticflickr.com/4025/4590246533_c351aefccd_z.jpg,349860004,Is it cloudy?,http://farm4.staticflickr.com/3275/2838112020_69cf2381cb_z.jpg,350023008,Is this a cloudy day?,http://farm6.staticflickr.com/5006/5377700315_e131eaeacb_z.jpg,481130006,Is the sky cloudy?,http://farm3.staticflickr.com/2465/3651269603_519d9ce768_z.jpg,350111000,Is it a cloudy day?,http://farm9.staticflickr.com/8195/8095641878_aefaa95d0f_z.jpg,481567001
Is it cloudy?,http://farm8.staticflickr.com/7275/7454143082_6a04d97d7b_z.jpg,482799001,Is it cloudy and raining?,http://farm3.staticflickr.com/2453/3913295535_54ec4de711_z.jpg,451915003,Does it look cloudy?,http://farm5.staticflickr.com/4149/4968493038_c42416c296_z.jpg,91236002,Is the sky cloudy?,http://farm5.staticflickr.com/4149/4968493038_c42416c296_z.jpg,91236013,Is it a cloudy day?,http://farm4.staticflickr.com/3808/9248738094_07b97ac71b_z.jpg,365129004,Is it cloudy?,http://farm1.staticflickr.com/31/43558525_b6be31f636_z.jpg,93672000,Is it a cloudy day?,http://farm2.staticflickr.com/1167/1386184065_abafc59745_z.jpg,487222002,Is it a cloudy day?,http://farm2.staticflickr.com/1052/4597420305_cd920ac686_z.jpg,356863008
Is this a cloudy day?,http://farm2.staticflickr.com/1052/4597420305_cd920ac686_z.jpg,356863031,Is it a cloudy day?,http://farm5.staticflickr.com/4047/4485393860_a5ef537a67_z.jpg,358494009,Is the sky cloudy?,http://farm1.staticflickr.com/1/3270579_6cb75e9210_z.jpg,228166000,Is it a cloudy day?,http://farm1.staticflickr.com/1/3270579_6cb75e9210_z.jpg,228166010,Is it a cloudy day?,http://farm9.staticflickr.com/8441/7985121366_2a0bb79915_z.jpg,279806002,Is it a cloudy day?,http://farm9.staticflickr.com/8262/8665542458_2d5ba01796_z.jpg,125513000,Is it cloudy?,http://farm6.staticflickr.com/5269/5581618280_9faefbfea3_z.jpg,229234002,Is it a cloudy day?,http://farm3.staticflickr.com/2502/4159425709_43b95a16d7_z.jpg,98392004
Is it cloudy in this picture?,http://farm4.staticflickr.com/3120/3164430517_bce55a47ea_z.jpg,361268002,Is the sky cloudy?,http://farm9.staticflickr.com/8475/8402942987_3168192e1b_z.jpg,361382008,Is it cloudy?,http://farm8.staticflickr.com/7441/10326362663_c59dffe12b_z.jpg,230362000,Is this a cloudy day?,http://farm1.staticflickr.com/189/443353849_8424ac932b_z.jpg,492524001,Does it look like a cloudy day?,http://farm5.staticflickr.com/4003/4630163420_5b7dd33279_z.jpg,230615001,Is the sky cloudy?,http://farm9.staticflickr.com/8103/8556202667_22fd9d3987_z.jpg,361964000,Is it cloudy?,http://farm2.staticflickr.com/1177/542179202_9afaa2a422_z.jpg,100234005,Is the sky cloudy?,http://farm8.staticflickr.com/7287/8742228785_3bfdd0a8a3_z.jpg,101787002
Is it cloudy?,http://farm5.staticflickr.com/4086/5172443194_a2f8a878d5_z.jpg,364145000,Is this a cloudy day?,http://farm7.staticflickr.com/6074/6086955080_c1d16bee58_z.jpg,364757007,Is the sky is cloudy or rainy?,http://farm5.staticflickr.com/4124/4978620997_0f818c4b74_z.jpg,102637004,Is it a very cloudy day?,http://farm9.staticflickr.com/8364/8330403198_5c5d71f24d_z.jpg,233994008,Is it cloudy?,http://farm9.staticflickr.com/8436/7742996818_e96c2a4eaa_z.jpg,103571000,Is it a cloudy day out?,http://farm3.staticflickr.com/2574/3757183630_9211728a62_z.jpg,103692001,Is it cloudy?,http://farm8.staticflickr.com/7186/6887660885_0ab56bfd53_z.jpg,234914003,Was this picture taken on a cloudy day?,http://farm5.staticflickr.com/4046/4371713365_abf9fc9216_z.jpg,236000002
Is the sky cloudy?,http://farm1.staticflickr.com/53/148343907_5bc7ff1815_z.jpg,368072006,Is it cloudy?,http://farm4.staticflickr.com/3718/9590319495_a0843623bc_z.jpg,476710003,Is it a cloudy day?,http://farm1.staticflickr.com/214/494160193_0771e169fe_z.jpg,107839010,Is it a cloudy day?,http://farm3.staticflickr.com/2888/9949554704_2d83a87fea_z.jpg,239455001,Is it cloudy?,http://farm9.staticflickr.com/8193/8404037624_ca21c43542_z.jpg,240340003,Is the sky cloudy?,http://farm4.staticflickr.com/3706/9461985438_7c1b838317_z.jpg,109361018,Is it a cloudy day?,http://farm6.staticflickr.com/5467/9789450173_4b344b70d9_z.jpg,371588001,Is it cloudy?,http://farm3.staticflickr.com/2850/9442847230_45ab94b4d7_z.jpg,240775000
Is it a cloudy day?,http://farm6.staticflickr.com/5134/5503711284_e572689b56_z.jpg,110052013,Is the sky cloudy?,http://farm4.staticflickr.com/3818/9721900369_5dd865a9e6_z.jpg,503724009,Is it cloudy?,http://farm9.staticflickr.com/8260/8644098548_3fb3abc459_z.jpg,241726005,Is it cloudy?,http://farm6.staticflickr.com/5528/9331542652_5654f0bb62_z.jpg,373255001,Is it a cloudy day?,http://farm9.staticflickr.com/8415/8713324040_4837aee9bc_z.jpg,505542000,Is it cloudy?,http://farm7.staticflickr.com/6009/5953681903_1c0742ca79_z.jpg,112941013,Is the sky cloudy?,http://farm3.staticflickr.com/2676/3954376396_da0f9a6a9c_z.jpg,375357002,Is the sky cloudy?,http://farm5.staticflickr.com/4078/4943141700_6f28113cb5_z.jpg,375786003
Is it cloudy outside?,http://farm6.staticflickr.com/5082/5304756707_43caac4ab8_z.jpg,507211000,Is it a cloudy day?,http://farm6.staticflickr.com/5249/5214590075_98de040094_z.jpg,376491002,Is this a cloudy day?,http://farm4.staticflickr.com/3008/2596228326_01c7f7ea4c_z.jpg,477846002,Is it cloudy?,http://farm2.staticflickr.com/1126/1138061201_afcf32e323_z.jpg,377235000,Is it cloudy?,http://farm3.staticflickr.com/2297/2180235687_c7450af8e2_z.jpg,246252002,Is this a cloudy day?,http://farm9.staticflickr.com/8006/7649288526_9322f152fb_z.jpg,116354001,Is it cloudy?,http://farm1.staticflickr.com/119/288584351_036d824b31_z.jpg,380495001,Is it cloudy outside?,http://farm1.staticflickr.com/50/107443598_ba001a9adf_z.jpg,118956002
Is it cloudy outside?,http://farm5.staticflickr.com/4091/4969954027_4bdbb4caa8_z.jpg,382122018,Is it cloudy?,http://farm4.staticflickr.com/3001/3045372472_ec661a41b4_z.jpg,382399005,Is the sky cloudy?,http://farm7.staticflickr.com/6194/6066765529_5a5b8a5453_z.jpg,479149006,Is the sky cloudy?,http://farm4.staticflickr.com/3682/9722925856_b741def5e7_z.jpg,513507004,Is the sky cloudy?,http://farm6.staticflickr.com/5444/9105582925_be8542755b_z.jpg,151135006,Is it cloudy?,http://farm5.staticflickr.com/4072/4223539475_9016920357_z.jpg,120478002,Does it look cloudy in the background?,http://farm8.staticflickr.com/7367/9477499194_10d186fe19_z.jpg,121188002,Is it cloudy?,http://farm6.staticflickr.com/5334/9408036139_dfe9fe0b67_z.jpg,252582001
Is the sky cloudy?,http://farm7.staticflickr.com/6144/6044005267_565462e1cb_z.jpg,401221001,Is it cloudy outside the window?,http://farm8.staticflickr.com/7356/9825466745_e980504f46_z.jpg,514990002,Is it cloudy?,http://farm6.staticflickr.com/5036/5893206413_7ac9e51bec_z.jpg,253520000,Is it cloudy?,http://farm9.staticflickr.com/8238/8435881823_67f0e66e6a_z.jpg,125815000,Is the sky cloudy?,http://farm8.staticflickr.com/7147/6411222281_6d9ccbc41e_z.jpg,519399007,Is it cloudy outdoors?,http://farm6.staticflickr.com/5253/5525311094_2204bceb6c_z.jpg,389699006,Is it a cloudy day?,http://farm2.staticflickr.com/1285/1322891587_940603f025_z.jpg,390760001,Is it a cloudy day?,http://farm3.staticflickr.com/2475/3918652637_a42d673010_z.jpg,128699000
